country,1960,1961,1962,1963,1964,1965,1966,1967,1968,1969,1970,1971,1972,1973,1974,1975,1976,1977,1978,1979,1980,1981,1982,1983,1984,1985,1986,1987,1988,1989,1990,1991,1992,1993,1994,1995,1996,1997,1998,1999,2000,2001,2002,2003,2004,2005,2006,2007,2008,2009,2010,2011,2012,2013,2014,2015,2016,2017
Afghanistan,4.13,4.45,4.88,9.17,8.89,11.3,8.57,6.77,8.9,10.1,9.78,10.9,14.8,12.9,14,12.7,13.2,11.7,10.8,,,,,,,,,,,,,,,,,,,,,,,,32.4,43.6,34,27.4,26.5,17.8,18,14.7,10,6.11,5.52,6.31,6.57,7,6.9,
Albania,,,,,,,,,,,,,,,,,,,,,23.1,23,19.4,18.2,17.4,16.2,15.1,15.5,16.4,17.9,14.9,7.22,11.5,15.4,11.4,12.5,11.2,9.75,10.8,15.8,17.9,18.4,19.6,20.4,22,22.8,24.9,28.1,25.3,25.2,28,29.2,28.9,28.9,28.2,27.3,28.9,31.5
Algeria,39,46.2,19.8,24.7,25.1,22.6,26,23.4,23.1,23.8,22.1,18.4,20.4,25.5,38.7,33.7,33.1,30.6,25.5,31.1,34.3,34.6,30.9,27.9,25.7,23.6,12.9,14.3,15.5,18.6,23.4,29.1,25.3,21.8,22.5,26.2,29.8,30.9,22.6,28.2,42.1,36.7,35.5,38.2,40.1,47.2,48.8,47.1,48,35.4,38.4,38.8,36.9,33.2,30.2,23.2,21,24
Angola,,,,,,,,,,,,,,,,,,,,,,,,,,44.2,47.3,41.3,38.1,32.8,29.8,28.6,47.4,49.3,,,,,,,89.7,75.4,68.3,68.4,70.3,86,79.8,74,76.3,54.9,62.3,65.4,63.1,55.7,48,33.4,30,29.9
Antigua and Barbuda,,,,,,,,,,,,,,,,,,40.7,52.5,69.2,56.4,61.6,56.9,51.6,62.2,63,70.9,67.3,66.6,66.3,75.2,76.8,81.6,82.1,74,69.6,63.5,65.1,64,61.7,56.2,55.6,52.5,54.1,58.1,53.3,47.4,44.3,45.7,45.9,45.5,47.1,44.9,45.7,46.1,44.1,41.7,
Argentina,7.6,5.99,4.69,7.89,5.56,6.23,6.65,7.5,6.48,6.4,5.6,6.01,7.2,7.61,6.9,5.82,9.18,9.62,8.61,6.51,5.06,6.92,9.09,9.15,7.59,11.7,8.16,7.87,9.53,13.1,10.4,7.68,6.6,6.91,7.53,9.68,10.4,10.6,10.4,9.83,11,11.6,28.4,25.9,23.8,23.2,23,22.7,22.1,19.6,18.9,18.4,16.2,14.6,14.4,10.7,12.6,11.2
Armenia,,,,,,,,,,,,,,,,,,,,,,,,,,,,,,,35,40.7,39.8,47.2,39.3,23.9,23.2,20.3,19,20.8,23.4,25.5,29.4,32.2,29.7,28.8,23.4,19.2,15,15.5,20.8,23.8,27.6,28.4,28.6,29.7,33.1,38.1
Australia,13,12.4,13.9,13,14.9,13.2,12.9,12.9,12.3,12,13,12.7,12.8,14.2,13.2,14.3,13.5,14,13.6,14.3,16.4,14.9,13.5,13.6,13.6,15.3,15,15.5,16,15.1,15.1,16.1,16.7,17.6,18,17.9,18.9,19.2,19.6,18.4,19.4,22.2,20.8,19.1,17.2,18.3,19.9,20.2,20.2,23,19.8,21.5,21.5,20,21.1,20,19.3,21.3
Austria,23.2,23,23.4,23.4,23.4,23.8,23.7,23.7,24.3,26.8,27.4,27,26.9,26.9,29.1,28.1,28.8,28,29.1,30.9,31.7,33,31.7,30.5,32.8,34.9,32,31.4,33.1,35,35.7,34.6,33.2,31.5,32.2,33.5,34.2,37,38.4,39.4,43.3,44.6,45.3,44.6,46.9,48.6,50.8,52.6,53.2,45.2,51.3,53.9,54,53.4,53.4,52.9,52.3,53.9
Azerbaijan,,,,,,,,,,,,,,,,,,,,,,,,,,,,,,,43.9,45.7,86.2,57.4,24.7,27.9,29.5,29,22.7,28,39,40.9,42.8,42,48.8,62.9,66.5,68.1,65.8,51.6,54.3,56.4,53,48.3,43.3,37.8,46.4,48.7
Bahamas,,,,,,,,,,,,,,,,,,82.7,82.7,68.9,70.4,67.4,65.8,66.6,63.6,64.8,63.8,61.3,,53.8,54.2,51,50.2,52,51,49.5,48,36.9,34.7,36.5,38,34.1,36.2,35.8,38.2,38.8,38.3,40.1,39.5,34.2,35,37.4,38.1,39.9,37.9,35,35.8,33.7
Bahrain,,,,,,,,,,,,,,,,,,,,,124,131,119,96.7,96.5,102,98.7,102,95.3,98.6,116,85,84.4,83.9,81.2,82,87.9,79.1,64.6,78.9,79.2,73.6,72.2,72.1,78.6,83.9,84.6,79.7,82.6,68.5,69.5,99.4,102,105,96.1,82.4,74,
Bangladesh,10,10.8,10.7,9.98,10,9.66,10.3,9.31,8.33,8.15,8.31,6.29,5.67,6.54,3.7,2.9,4.75,7.04,5.56,6.11,5.49,5.13,5.08,5.6,3.4,5.38,5.18,4.99,5.43,5.54,5.91,6.66,7.59,9.02,9,10.9,9.71,10.5,11.8,11.8,12.3,13.4,12.4,11.4,11.1,14.4,16.4,17,17.7,16.9,16,19.9,20.2,19.5,19,17.3,16.6,15
Barbados,,,,,,,,,,,,,,,,,,,,,,,,,,,,,,,42.9,40.8,41.5,42.6,45.3,45.9,47,45.6,41.5,40.9,42.4,40.2,38.2,42.1,40.9,43.9,45.7,45.2,45.4,43,39.5,37.9,38.9,41.5,40.8,35.2,36.4,37
Belarus,,,,,,,,,,,,,,,,,,,,,,,,,,,,,,,46,33.3,59.8,67.6,71.3,49.7,46.3,59.9,59.1,59.2,69.2,66.7,63.6,65.2,67.9,59.8,60.1,60.9,60.9,50.5,51.4,78.5,78.8,58.3,54.9,58,62.5,66.6
Belgium,37.8,39,40.6,41.7,42.5,42,43.7,42.7,44.9,48.8,44.5,43.3,43.7,47.5,52.3,45.4,48,47,45.3,49.4,49.6,53.5,57.5,59.8,63.7,61.8,56.7,55.3,58.8,62.9,61,59.6,58.2,55.5,57.8,59.5,60.4,63.9,63.4,63.9,71.9,71,70.3,68.6,70.4,73.5,75.7,77.5,79.7,69.3,76.4,81.6,82.3,81.7,82.7,80.8,82.9,85.1
Belize,,,,,,,,,,,,,,,,,,,,,55.4,53.4,48,49.1,62.4,48.5,55.5,60.5,62,59.7,62.2,54.3,49.7,46.7,49.8,48,50,52.8,52.6,55.1,53,50.9,52.6,53.2,50.6,54.7,61.1,61.1,62.4,51.6,58.2,60.1,62.5,61.3,60.6,57.2,49.7,52
Benin,6.12,4.58,3.52,3.82,5.14,7.27,6.85,7.67,9.33,11.8,15.2,17.8,14.4,15.7,14.3,14.5,13,16.2,16.5,17.5,15.8,15.9,17.8,13.8,19.6,23.7,16.7,15.3,13.8,13.5,19.2,21,23.2,22.5,28.3,27.4,26.5,27.2,27.1,23.7,21.1,20.3,20.2,19,18.8,18.9,18.5,22.6,22.9,20.4,23.8,21.4,24.6,28.2,32.1,28.2,28.7,30.9
Bhutan,,,,,,,,,,,,,,,,,,,,,13.6,15.4,13.7,12.1,12.9,15,17.6,23.5,28.1,28,26.8,32.2,32,31.6,29.5,37.8,35.5,35.9,33.1,31.1,29.4,26.3,23.9,25.5,31,38.2,54.4,55,48.8,44.7,42.5,41.2,38.7,40.5,36.3,33.2,29.7,26
Bolivia,13.3,13.6,12.5,13.9,16.4,16.7,16.9,18.6,22.2,23.6,24.6,21.4,21.1,27.7,35.3,25.9,27.7,26.8,22.6,24.2,24.5,23.3,29.1,28.3,23.7,19,21.3,19.6,18.8,22.5,22.8,21.5,20,19.1,21.7,22.6,22.6,21.1,19.7,16.9,18.3,20,21.6,25.6,31.1,35.5,41.8,41.8,44.9,35.7,41.2,44.1,47.2,44.1,43.3,30.9,24.5,24.9
Bosnia and Herzegovina,,,,,,,,,,,,,,,,,,,,,,,,,,,,,,,,,,,15.4,20.4,23.6,27.8,27.3,27.6,28.7,28.4,24.3,30.3,32.2,31.6,35,27.1,26.8,25,29.7,32,32.3,33.7,34,34.6,35.4,36
Botswana,26.3,27.2,27.9,29,28.8,31.7,29.3,24.6,23.1,22.8,24.7,33.1,37.4,38.8,40.9,43.6,50.4,50.9,52.1,54.1,53.1,49.7,54.6,62.1,60.8,66.3,68.3,75.1,70.5,59.2,55.1,53,48.2,47.1,47.8,50.8,53.8,60.9,49.3,55.2,51.8,48.7,52.2,48.8,49.6,52.9,52.3,54.5,45.7,34.8,43.6,48.9,48.4,61.5,60.8,52.2,55.1,
Brazil,7.06,7.28,3.87,9.04,6.39,7.74,6.82,5.77,6,6.62,7.03,6.41,7.26,8.27,8.01,7.54,7.04,7.25,6.68,7.12,9.05,9.42,7.61,11.4,13.5,12.2,8.82,9.46,10.9,8.93,8.2,8.68,10.9,10.5,9.67,7.53,6.73,6.98,7.03,9.56,10.2,12.4,14.2,15.2,16.5,15.2,14.4,13.3,13.5,10.9,10.7,11.5,11.7,11.6,11,12.9,12.5,12.6
Brunei,,,,,,,,,,,,,,,90.1,90.1,93.7,94.6,95,95.1,93.4,93.1,89.3,88.3,,,,,,61.8,61.8,66.7,57.9,54.8,51.1,59.7,59.9,57.2,50.5,55.8,67.4,69.5,67.1,69.3,68.8,70.2,71.7,67.9,78.3,72.8,67.4,69.5,70.2,68,68.7,52.2,49.6,49.6
Bulgaria,,,,,,,,,,,,,,,,,,,,,35.7,35.6,34.3,37.1,40.1,42.8,40,40.8,45.6,46.4,33.1,43.5,47.1,38.2,45,51.9,59,50.1,43.1,43.2,36.5,35.1,33.9,34.7,41.3,42.9,47.3,52.4,52.5,42.3,50.2,59.1,60.8,64.7,65,64.1,64,66.3
Burkina Faso,4.86,5.43,5.53,5.58,2.8,4.65,5.05,4.93,6.2,5.82,5.46,5.51,6.4,6.31,8.32,7.35,8.21,7.96,7.47,8.25,8.95,9.28,8.2,7.88,11,9.92,8.99,11.4,11,8.75,11,10.4,8.85,8.95,14.2,14.1,10.6,10.8,12.8,9.52,9.53,9.24,9.18,8.71,11.3,9.74,11.6,10.5,9.97,12.7,19.2,25,25.5,26.2,25.9,26,28.5,28.4
Burundi,12.5,12.9,13.1,7.52,14.1,10.3,10.8,10.8,10.3,9.66,10.7,8.44,11.7,11,9.75,8.28,13.7,17.6,11.7,14.2,8.81,9.14,10.2,9.05,11.5,11,11.7,9.74,12.6,9.75,7.87,9.92,8.75,9.38,10.3,12.9,5.82,9.84,8,7.58,6.32,5.18,4.69,6.38,6.95,8.2,7.28,7.26,9.49,6.8,8.92,9.35,8.95,7.4,7.77,6.25,6.24,
Cambodia,13.9,12.9,13.9,17.3,15,11.5,7.81,8.9,8.58,6.95,5.76,,,,,,,,,,,,,,,,,,,,,,,16.1,25.8,31.2,25.4,33.6,31.2,40.5,49.5,52.5,55.4,56.5,63.6,64.1,68.6,65.3,65.5,49.2,54.1,54.1,57.9,62.4,62.6,61.7,61.3,60.7
Cameroon,,,,,,23.8,21,20.6,22.1,23.4,26.2,23,20.4,20.7,25.4,22.7,22.6,25.1,23.7,21.1,27.9,21.9,33.2,30.4,33.5,33.4,23.3,16.7,16,20.7,20.2,20,20.5,13.9,21.1,20.6,23.3,24.9,22.5,20,25.9,25.8,24.3,20.9,22.7,24.6,25.6,28.9,29.1,21.4,22.2,25.9,26.1,25.6,24.9,22.3,18.6,17
Canada,17,17.8,17.8,18.3,19.2,18.5,19.3,20.3,21.2,21.2,21.9,21.1,21.3,22.8,24.1,22,21.8,22.8,24.6,26.4,27.6,26.4,25.2,25,28,27.6,27,26,26.1,25.1,25.1,24.3,26.2,29.1,32.8,36.1,37.1,38.1,40,41.9,44.2,42,40,36.8,37.3,36.8,35.3,34.2,34.3,28.4,29.1,30.6,30.2,30.2,31.5,31.5,31,30.9
Cape Verde,,,,,,,,,,,,,,,,,,,,,17.1,21.5,22.9,24.6,22.8,22.6,17.6,18.1,16.7,19.2,17.1,16.6,17.3,13.3,15,17.1,20.2,27.4,22.8,21,27,29.8,32.5,31.4,32,37.8,45.1,36,36.9,31.1,32.7,35.5,40.4,40.5,40.4,44.9,38.5,39.1
Central African Republic,23.3,26.5,24.6,25.2,28.4,27.1,28.4,26.3,34.3,27.3,31.9,29.8,24.9,28.6,27.7,21.1,22.2,25.2,23.4,22.4,25.2,24.4,22.2,24.1,23.4,22,18.2,17.8,17.7,20.3,17.1,17.6,16.9,17.1,23.4,22.2,21.5,26.9,22.7,19.2,20.4,17.2,16,18.2,14,13.4,14.3,14.1,11,10.7,11.8,11.5,11.6,14.5,13,12.6,12.7,12.5
Chad,13.4,13.9,14,12.9,13.7,13.5,13.9,14.4,14.9,13.2,16.3,15.9,14.6,15.7,18.4,14.4,16.1,15.4,16.4,17.8,16.9,15.1,6.56,16.4,18,11.9,13.4,15.4,15,13.8,13.5,12,11.1,13.3,16.1,21.9,17.5,18.5,18.5,18.3,16.9,14.7,12.7,24.6,51,48,47.6,44.5,42.7,35.1,36.8,38.9,38.5,33.6,34.2,29.9,28.2,33.9
Chile,13.1,11.4,11.4,12.3,12.2,13.3,14.3,14,13.7,16.1,14.4,10.8,9.56,13.3,19.5,24.1,23.9,19.7,19.8,22.1,21.7,15.5,18.6,23.4,22.8,26.3,27.3,28.3,32.5,33.7,32.5,31.3,29,25.9,27.5,28.6,26.6,26.5,25.5,28.8,30.5,32.4,32.8,35.7,39.8,40.2,43.8,45.1,41.4,37,37.7,37.8,34.1,32.2,33.1,29.4,28.2,28.7
China,4.31,3.87,4.05,4.01,3.77,3.64,3.49,3.28,3.3,3.05,2.49,2.79,3.25,4.24,4.93,4.7,4.51,4.3,4.56,5.16,5.91,7.45,11,9.52,9.53,8.34,8.71,12.5,14.4,11.8,13.6,14.5,15.7,16.7,18.5,18,17.9,19.5,18.3,18.2,20.9,20.3,22.6,27,31.1,33.8,36,35.4,32.5,24.5,26.3,26.5,25.4,24.5,23.5,21.3,19.7,19.8
Colombia,15.7,13,12.2,12,11.9,11.4,12.1,12,13,13.2,14.3,12.8,14.2,15.2,14.6,15.8,17.1,16.9,16.6,15.2,16.2,11.9,10.9,10.4,11.9,13.8,18.8,17,16.3,18,20.6,21.3,17.7,16.4,15,14.5,15.2,14.8,15,18.3,15.9,15.4,14.8,16.6,16.8,16.8,17.6,16.5,17.8,16,15.9,18.7,18.3,17.6,15.9,15.2,14.8,14.8
Comoros,,,,,,,,,,,,,,,,,,,,,8.7,11.8,15.7,19.8,9.02,17,16.4,15.2,18,14.9,14.3,20,18,20,20.1,19.8,18.3,18.1,11.4,12.7,23,18.3,15.6,18.9,15.5,15,14.8,15.5,14.2,14.8,16.5,17.4,15.7,16.3,16.9,17.8,15.9,17.7
"Congo, Dem. Rep.",18.9,9.86,7.75,31.8,33.5,25.9,31.1,15.6,14.5,13.2,15.5,12.1,11.3,13.4,16.2,9.96,12.2,10.3,12.3,12.6,16.5,14.1,12.1,16.2,26,27.5,24.7,26,25.5,25.5,29.5,20,16.4,11.3,22.6,28.5,30,18.8,29.8,23.6,11.4,12,15.7,24,22.7,22.9,21.7,39.1,39,26.8,41.1,39.5,30.8,36.4,36.8,27.7,27.2,35.6
"Congo, Rep.",20.5,19.5,30.5,36.5,38.2,36,29.9,30.5,30.4,32.1,34.7,32.6,28.3,31.6,53.2,35.9,40.4,45.6,43.7,47.4,60,58,55.3,57.9,61.6,56.8,39.8,41.7,40.6,48.5,51.8,41.6,40.7,42.8,58.5,64.7,68.5,75.6,76.3,72.3,80.3,77.4,81.5,80.8,80.5,84.2,84.2,78.5,75.2,70.4,85.1,87.3,83.8,76.5,73,69.3,57.1,79.8
Costa Rica,21.4,21.8,23.6,22.9,25.3,23.5,25.1,25.4,28.4,27.1,28.2,27.3,30.7,31.1,33.5,30.1,28.9,30.9,28.2,26.9,26.5,43.3,45.1,29.9,29,27.1,27,26.7,29.3,30.3,30.2,33.5,35.4,36.2,36.1,38.3,40.2,41.8,44.2,42.7,43.1,40.7,39.4,40.9,42.4,43.7,43.5,40.8,39,34.8,33.2,32.9,32.2,31.3,32.3,30.8,32.8,34.2
Cote d'Ivoire,34.2,35.3,34.4,33.9,35.9,36.8,36.4,36.2,40.7,36.8,35.8,32.2,33.5,35.8,45.7,36.7,41.7,42.6,36.5,34.6,35,35.2,36.4,37,45.3,46.8,39.5,33.4,30.5,32,31.7,30,31.9,29.4,40.5,41.8,41.1,42.9,41.4,42.4,40.8,40.7,47.5,41.9,46.4,49.9,52.4,47.2,47.1,50.9,50.6,53.8,48.5,41.5,36.7,35.4,29.4,29.2
Croatia,,,,,,,,,,,,,,,,,,,,,,,,,,,,,,,,,,,,27.6,30.7,31.3,29.5,30.5,36.5,38.7,37.7,38.9,39.5,39.3,39.7,39,38.5,34.5,37.6,40.3,41.5,42.8,45.3,48.2,49,51.3
Cuba,,,,,,,,,,,32.6,32.6,32.6,32.6,32.6,32.6,32.6,32.6,32.6,32.6,32.8,32.6,32.6,32.5,32.3,33.7,31.7,32.9,32,31.2,30.2,21.9,16.9,13.2,13.2,13.4,15.3,14.9,14.3,14.5,14.1,13.2,11.5,13,16,21,18.7,20.3,20.6,17.5,22.6,25.1,25.5,24.1,22.1,17.1,,
Cyprus,,,,,,,,,,,,,,,,35.5,49.7,47.8,42.3,44.7,45.3,50.3,50.9,50.4,54.7,48.7,45,47.3,48.1,51.5,51.5,47.1,49.5,47.5,47.7,66.8,70.2,69.2,68.7,66.9,70,68.2,62.4,57.8,56.9,55.7,53.4,53.3,50.1,48.7,50.2,52.9,53.4,58.6,62.1,64.5,64.7,63.8
Czech Republic,,,,,,,,,,,,,,,,,,,,,,,,,,,,,,,33.1,38.6,40,40.1,37.3,40.4,38.3,40.5,42.2,42.9,48.2,49,45.1,46.9,57.3,62.2,65.2,66.4,63.2,58.7,66,71.3,76.2,76.9,82.5,81,79.5,79.5
Denmark,32.3,30,28.6,30.4,29.9,29.3,28.6,27.3,27.7,27.6,27.2,26.8,26.4,28,30.7,29.4,28.2,28.4,27.4,29.2,32.5,36.1,35.9,35.9,36.3,36.4,32.3,31.7,33.6,35.4,36.4,37.7,37,36.6,36.9,36.6,37.1,37.8,37.2,39.3,44.8,45.6,45.7,43.8,43.9,47.5,50.7,51.5,54.2,47.1,50.5,53.8,54.6,54.8,54.6,55.7,53.6,55.2
Djibouti,,,,,,,,,,,,,,,,,,,,,,,,,,,,,,,,,,,,,,,,,,,,,,,,,,,,,,36.6,34.9,38.7,33.7,34.2
Dominica,,,,,,,,,,,,,,,,,,41.2,42.7,28,22,34.6,41.2,41.1,35.6,36.5,53.3,53.2,54.6,47.1,54.5,51.2,52,48.6,49.1,49.8,51.3,55.8,58.7,58.6,43,35.3,36.5,33.8,34.8,34.9,37,35.1,34.2,30.3,35.6,37.6,32.6,38.5,52.1,50.1,48.3,44.2
Dominican Republic,25.6,23.3,23.9,20.7,19.7,16.3,16.3,18.1,18.5,18.5,17.2,16.5,20.7,21.9,24.9,27.7,20.9,20,17.3,20.6,19.2,20.8,14.3,14.4,28.2,28.2,24.4,25.6,33,33.5,33.8,40.1,36.8,36.4,36.2,35.2,34.9,35.2,34.3,35,35.5,31.9,30.7,42.2,41.1,28.3,28.2,26.8,23.9,21,22.7,24.2,24.6,25.2,25.4,24.5,24.9,24.8
Ecuador,16.9,16.5,17.9,16.2,15.7,8.98,10.5,10.1,11,8.5,9.44,10.6,12.4,17.9,22.7,16.1,16,16.3,14.7,17.9,17.1,14.6,14.7,15.6,17.4,19.7,15.6,15.4,19,20.3,22.8,23.7,24.1,20,20.3,21.3,22.3,21.5,17.9,26.4,32.1,23.2,21.5,22.6,24.6,27.6,30.3,31.9,34.2,25.2,27.9,31.1,30.2,28.6,28.1,21.3,19.7,20.8
Egypt,,,,,,17.5,16.9,14.6,13.2,14.2,14.2,13.8,13.3,14,20.5,20.2,22.3,22.5,21.7,29.7,30.5,33.4,27,25.5,22.4,19.9,15.7,12.6,17.3,17.9,20,27.8,28.4,25.8,22.6,22.5,20.7,18.8,16.2,15.1,16.2,17.5,18.3,21.8,28.2,30.3,29.9,30.2,33,25,21.3,20.6,16.4,17,14.2,13.2,10.3,16.3
El Salvador,,,,,,26.4,24.7,25.6,25.3,23.2,24.8,24.6,29.1,30,32.4,33,35.5,38.2,30.3,37,34.2,26.7,22.8,24.5,21.8,22.3,24.7,19,15.8,13.2,18.5,17.2,16.1,19.4,19.9,21.6,21.1,26,24.4,24.4,26.8,25,25.5,25.9,25.9,25.3,25.9,25.6,26.7,24,26.9,29,28.5,29.2,28.9,29,27.9,27.6
Equatorial Guinea,,,68.1,62.8,62.6,42.1,43.8,42.4,29.6,36.1,35.7,46.5,34.8,38.3,42.3,43,47,47,,,50.7,66,50.7,55.4,53.3,39.8,47.4,47.9,51.5,47.3,39,40.2,44.2,53.2,67,68.5,80.1,117,116,124,122,124,122,119,111,87.4,82.3,88.6,89.2,74.3,85.8,75.1,71.9,67.7,66,56.7,51.3,56.5
Eritrea,,,,,,,,,,,,,,,,,,,,,,,,,,,,,,,,,11.4,30.6,28,22.4,29.2,29.6,14.8,9.53,9.67,10.8,11.8,6.44,5.78,6.17,6.9,5.77,4.43,4.53,4.79,14.4,,,,,,
Estonia,,,,,,,,,,,,,,,,,,,,,,,,,,,,,,,,,,,,67.8,61.8,71.6,74.4,70.2,61.6,61.3,58.3,57.4,61.5,65.9,63.5,63.2,66.8,60.8,75.1,86.5,86,84.3,82.6,78.6,79,78
Ethiopia,,,,,,,,,,,,,,,,,,,,,,,,,,,,,,,,,,,,,,,,,,,,,,,,,,,,16.7,13.8,12.5,11.6,9.36,7.95,7.74
Fiji,38.1,30.7,35.7,51.1,55.9,46.3,43.4,44.6,47.4,49.5,48.4,49.8,45.9,45.3,49.1,43,37.7,43.9,42.7,45.3,47.8,43,43.2,43.6,42.8,44.4,41.7,45.3,54.3,62.7,62.3,57.3,51.9,52.4,56.4,59.3,62.8,61,60.8,61,65.2,60.7,61.5,59.9,53.8,53.1,49.9,49,57.1,49.5,57.8,62.8,60.5,59.1,52.6,49.9,26.4,
Finland,21.1,20,19.9,19.1,19,19,18.7,18.5,21.3,22.7,23.9,22.6,23.6,23.6,25.7,22.1,23.5,26.8,27.8,29.6,30.8,31.3,28.9,28.7,29.5,28,25.6,25,23.9,23,22.1,21.3,25.5,31.4,34,35.8,36.3,37.8,37.5,37.6,42.1,39.7,39.1,37.3,38.6,40.3,43.2,44,45.1,36.3,38.7,39.2,39.5,38.8,37.2,36.5,36,38.6
France,14.4,13.9,12.8,12.6,12.6,13.2,13.3,13.1,13.2,14,16,16.5,16.6,17.5,20.6,18.8,19.3,20.2,20.2,20.7,21,22,21.4,22.4,23.8,23.3,20.4,19.6,20.4,21.7,21,21.3,21.3,20.8,21.7,22.6,23.1,25.5,26.1,26.1,28.6,28.3,27.5,26.1,26.5,27,27.9,27.9,28.1,24.8,26.8,28.4,29.2,29.4,29.7,30.6,30.2,30.9
Gabon,34.2,31.2,31.7,47.1,41.9,43.2,39.7,48.1,48.4,54.7,49.7,66.3,73.1,58.8,57.5,49.5,45.6,51.6,61.8,58.5,64.7,63.4,61.6,61.3,59.1,62.6,35.2,42.7,36.7,45.8,46,47.3,46.1,48.8,61.7,59.4,62.7,61.3,47.4,59.6,69,54.3,52.6,51.9,55,60,60.6,58.5,62.2,52.2,57.7,61.7,61,57.4,44.5,45.9,44.1,43.7
Gambia,,,,,,,36.2,40.5,40,40.4,37.8,32.4,33.8,35.1,39,44.7,41.1,36.7,33.7,35,42.7,44,44.3,50.5,51.1,43.9,46.6,49.4,50.4,55.1,59.9,29.4,30.6,28.2,21.2,23.8,21.8,22.9,25.3,24.4,25.8,21.8,27.2,31.1,34.2,32.8,33.8,28.9,23.4,25.4,23.8,26.5,30.9,29.4,29.2,24.7,23,20.8
Georgia,,,,,,,,,,,,,,,,,,,,,,,,,,,,41.5,42.2,42.4,40,27.6,35.7,46.9,57.8,25.5,13.3,15.6,16.5,19.1,23,24.5,29.2,31.8,31.6,33.7,32.9,31.2,28.6,29.7,35,36.2,38.2,44.7,42.9,44.7,43.6,50.4
Germany,,,,,,,,,,,15.2,14.6,14.6,15.4,18.3,17.2,18.1,18,17.7,17.9,18.7,20.2,20.9,20.3,21.8,23,21.3,20.7,21.1,22.4,22.9,23.7,22.3,20.4,21.1,22,22.9,25.4,26.5,27,30.8,31.9,32.6,32.6,35.4,37.7,41.2,43,43.5,37.8,42.3,44.8,46,45.4,45.7,46.9,46.1,47.2
Ghana,28.2,26.1,24.2,21.2,19.9,17.1,14.6,17.4,20.4,19.7,21.3,15.8,20.7,21.5,18.3,19.4,15.7,10.5,8.36,11.2,8.47,4.76,3.34,5.56,8.04,10.7,16.6,19.7,18.2,16.7,16.9,17,17.2,20.3,25.3,24.5,32.1,32.4,33.9,32.1,48.8,45.2,42.6,40.7,39.3,36.4,25.2,24.5,25,29.3,29.5,36.9,40.4,34.2,39.5,44.4,41.1,39.9
Greece,8.51,8.65,9.06,9.35,8.54,8.36,10.5,9.94,8.94,9.06,7.88,8.16,9.13,11.6,14.2,14.1,14,14,13.7,15.2,19.3,21.4,17.2,16.5,16.8,16.1,17.7,18.1,16.3,15.9,14.8,14.2,14.9,14,14.4,14.4,14.3,16.2,16.3,19.3,23.7,22.8,20.1,18.5,20.7,21.3,21.2,22.5,23.4,19,22.1,25.5,28.7,30.4,32.4,31.7,30.5,33.2
Grenada,,,,,,,,,,,,,,,,,,37.8,38.5,39.4,35.7,34,30.5,29.6,28.7,32.9,40.5,37.1,36.5,31.9,33.5,32.4,32.1,35.6,39,36.2,35.9,35.4,37.2,45.2,45.3,37.9,31.9,30.4,33,21.4,23.2,27.6,25.2,24.3,23.8,25.2,25.8,25.4,60.2,58,56.1,
Guatemala,12.6,12,11.8,14.3,15.4,16.8,18.9,16.2,16.7,17.8,18.6,17.3,18.9,20.9,22.4,21.7,21.6,24.5,21.5,21.3,22.2,17.1,14.8,13,13,11.9,16.1,15.8,16.1,17.3,21,18,18.1,17.7,17.5,19.3,17.8,18,18.2,19,20.2,28.2,26.3,25.8,27,25.1,24.9,25.6,24.7,24,25.8,26.6,24.9,23.7,23.2,21.2,19.5,18.8
Guinea,,,,,,,,,,,,,,,,,,,,,,,,,,,31.1,31.6,26.9,31.1,31.1,30.3,24.9,26.5,22.8,21.1,19.2,19.6,21.3,21.6,24.5,28.6,26.5,26,24.6,34.8,23.8,23.6,21.6,22.5,30.3,32.6,33.1,26.5,26.3,23.1,29.4,42.9
Guinea-Bissau,,,,,,,,,,,4,4.16,4.36,6.06,5.02,5.18,5.27,9.3,7.73,7.27,12.7,11.2,7.84,6.01,13.4,9.76,5.24,11.4,12.4,8.89,9.94,9.98,4.9,8.87,16.5,11.7,10.5,21,14.4,24.9,21.8,21.2,17.8,18.7,18.5,16.1,12.8,20.2,19.9,18.8,14.9,25.7,15.5,18.3,20.2,27.5,26.5,27.4
Guyana,48.7,52.1,56.6,62.9,57.1,55.3,55,57.4,58.2,59.2,56.5,58.4,57.5,52.2,68.3,74.9,66.1,63.2,63.1,59.8,81.3,68.9,52.8,45.9,44.2,48.1,46.3,79.6,63.6,66.3,62.7,106,128,117,105,101,103,99.7,95.9,96.5,96.1,95,92.8,89.8,95.8,84.6,50.4,51.2,52.8,48.9,51.4,55.3,59.9,51.5,43.8,41.3,45.8,43.7
Haiti,,,,,,,,,,,,,,,,,,,,,,,,,,,,,,,,10.3,7.57,10.8,6.42,9.13,11.3,10.5,9.9,12.2,12.7,12.4,12.1,15.9,14.4,14,14.5,13.4,12.7,15.7,15.3,17.4,16.9,18.3,18.5,20,20.7,18.8
Honduras,21.4,22.3,22.5,22.1,22.5,27.3,28.6,28.5,30.4,28,27.9,29.7,29.3,32.2,32.1,30.7,33.7,34.8,36.2,37.7,37.2,31.6,26.7,26.2,25.7,25.1,26.6,23,26.3,31,37.2,34.5,32.2,34.7,39.8,43.7,46.9,46.2,46.4,41,54,51.4,52.7,54.1,58.4,59,56.1,53.5,51.3,39.5,45.8,51.3,50.9,47.9,47.6,45.2,42.6,43.6
Hungary,,,,,,,,,,,,,,,,,,,,,,,,,,,,,,,,28.7,27.6,23.2,25.4,39.1,41.8,47.9,52.8,55.5,66.7,64.7,58,56.3,59.5,62.5,74,77.9,79.3,74.4,81.8,86.7,86.4,85.7,87.7,90.2,89.5,90.1
Iceland,41.3,41.4,45,41.2,37.1,36.2,32.8,28.1,31.6,43.2,45,37.4,35,35.6,31.4,33.3,34.5,32.9,36.5,37.9,35.5,34.6,32.2,39.7,38,40.3,38.6,34.3,31.8,33.5,33.6,31.3,30.3,32.8,35.8,35.5,36.3,35.6,34,32.7,32.5,37.4,35.9,32.9,32.6,30.6,31.1,33.3,41.2,49.5,53.4,56.3,56.7,55.2,52.9,53.2,48.4,47
India,4.51,4.35,4.21,4.33,3.76,3.34,4.19,4.08,4.08,3.75,3.82,3.71,4.07,4.25,4.88,5.71,6.76,6.45,6.38,6.82,6.2,6,6.05,5.9,6.35,5.31,5.25,5.66,6.1,7.09,7.13,8.58,8.94,9.94,9.99,11,10.5,10.8,11.1,11.6,13.1,12.7,14.4,15.1,18,19.8,21.7,21,24.3,20.6,22.6,24.5,24.5,25.4,23,19.8,19.3,18.9
Indonesia,11.5,11.1,5.17,9.07,12.3,5.28,12.8,8.78,10.9,9.01,12.8,14.4,16.5,20.1,29,22.5,22.2,23.5,21.9,30.1,30.5,27.6,22.4,27.7,27.3,23.8,20.5,24.6,25,26.1,27.3,28.4,30.3,26.8,26.5,26.3,25.8,27.9,53,35.5,41,39,32.7,30.5,32.2,34.1,31,29.4,29.8,24.2,24.3,26.3,24.6,23.9,23.7,21.2,19.1,20.4
Iran,13.8,13.7,14.5,15.3,16.4,16.2,16.3,17.3,17.5,18,18.5,23.1,22.9,33.4,47.4,40.7,37.2,30.8,23.5,26.7,13.7,12.4,17.1,14.5,11.3,8.88,3.73,9.16,7.29,9.83,13.3,13.8,13.2,25.4,28.3,21.7,20.2,17.3,12.7,19.3,21.5,19.3,24.4,24.6,25.3,30.3,29.9,28.8,26.6,22.7,24.4,25.6,24.1,26.9,23.1,19.7,22.4,23.8
Iraq,,,,,,,,,,,37.3,43.7,36.9,46.3,61,52.3,57.4,56.2,56.7,62.5,63.5,31.6,26.4,24.6,25.7,25.1,16.5,23.2,19.7,22,7.7,1.29,0.582,0.0756,0.0356,0.00538,0.00916,63.8,77.9,77.6,75.7,65.3,70.6,77.4,56.3,54.3,51,45.9,50.3,39.4,39.4,44.4,44.4,39.7,41.3,34.9,32.5,37.6
Ireland,29.5,32.1,29.9,31.1,31,32.3,34.5,35.1,36,34.6,33.1,32.3,30.9,34,38.1,38.2,41.4,44.2,44.6,44.5,44.3,43.3,43,46.9,53.2,54,49,52.4,55.5,58.9,54.6,55.5,58.3,63.3,67.9,73.4,74.8,77.2,84.4,86.6,94.5,95.3,90.5,80.9,80.5,79.6,79,80.8,84.1,93.2,103,103,107,106,113,125,122,120
Israel,11.9,11.5,17.8,18.6,17.7,18.9,19.9,23.7,29.8,29.2,21.7,23.8,24.4,23.6,22.8,24.1,27.7,32.1,38.4,35.4,37.2,36,31,28.5,33,37.1,32.8,32.4,29.2,31.4,29.7,25.5,26,27.7,27.8,27.5,27.1,27.9,28.6,32.6,35.6,31.3,32.9,34.7,39.1,40.8,40.8,40.5,38.5,33.3,35,36,36.1,33.3,32.2,31.3,30.3,
Italy,12.5,12.8,12.7,12.2,12.8,14.3,14.7,14.5,15.2,15.8,15.2,15.6,16.4,16.2,18.6,18.8,20.1,21.4,21.7,22.5,20.2,21.7,21.2,20.4,21.1,21.2,18.8,18,17.6,18.6,18.3,17.1,17.5,20.5,21.9,24.7,23.8,24.2,24.1,23.3,25.7,25.7,24.5,23.4,24.1,24.7,26.2,27.4,27,22.5,25.2,27,28.6,28.9,29.3,29.9,29.8,31.3
Jamaica,33.2,33.3,33,34.2,33.5,33.3,37.5,36,36.8,36.8,33.2,33.8,32.8,31.5,35.7,35.3,29,29.8,40.6,49.8,51.1,47.2,38,35.7,55.6,55.9,48.8,46.6,43.6,43.6,48.1,50.2,62.3,44.1,55.6,51.3,45.2,40.6,38.4,39,38.8,35.6,32.8,36.6,37.5,35.3,40.1,39.7,41.9,34.5,31.3,30.4,30.2,30.6,31.3,29.9,31.4,31.5
Japan,10.7,9.28,9.43,9.04,9.49,10.5,10.6,9.65,10.1,10.6,10.4,11.2,10.1,9.62,13,12.3,13,12.6,10.7,11.1,13.1,14.1,13.9,13.3,14.4,13.9,10.9,9.94,9.57,10.1,10.2,9.79,9.69,9.08,9,8.97,9.48,10.5,10.5,9.95,10.6,10.2,11,11.6,13,14,15.9,17.5,17.4,12.5,15,14.9,14.5,15.9,17.5,17.6,16.1,
Jordan,,,,,,,,,,,,,,,,,32.4,33.1,33.5,34.7,40.4,43.6,40.6,35.8,39.1,39.7,28.3,33.1,43.4,56.1,59.8,57.4,50.2,50.3,47.9,51.7,52.9,49.2,44.8,43.3,41.8,42.1,47.5,47.4,52.6,53.3,54.5,54.9,57.8,46.4,48.3,47.7,46.2,42.4,43.3,37.6,35.1,35.6
Kazakhstan,,,,,,,,,,,,,,,,,,,,,,,,,,,,,,,,,74,37.9,37.1,39,35.3,34.9,30.3,42.5,56.6,45.9,47,48.4,52.5,53.2,51,49.3,57.1,41.8,44.2,46.5,44.1,38.6,39.3,28.5,31.8,
Kenya,31.1,32.7,32,32,33.4,31.4,32.4,28.5,29.4,29.5,29.8,28.6,26.6,27.4,33.7,29.8,32.5,35,28.9,25.8,29.5,30.5,26.7,25.9,26.7,25.3,25.8,21.3,22.4,23,25.7,27,26.3,38.9,37,32.6,25.2,22.7,20.2,20.8,21.6,22.9,24.9,24.1,26.6,28.5,23,21.9,22.7,20,20.7,21.6,22.3,19.9,18.3,16.6,14,13.9
Kiribati,,,,,,,,,,,,,44.1,52.6,69.4,67.6,56.4,55.8,54.9,61.3,47.7,30.6,26.7,27.7,40.8,29.7,32,29.3,22.8,23.6,20.2,21.9,21,20.7,19.4,20.2,13.4,19.6,17,18.8,11.8,15.7,19.4,17.6,12.2,14.3,11.1,17,15.9,15.9,13.3,15.3,13.3,12.5,12.9,9.82,11.1,9.92
Kuwait,,,,,,67.7,65.7,59.5,61.7,63.5,59.8,66.3,68.6,71.9,85,80.5,77.9,72,70.5,78,78.3,69.5,54.5,59.1,60.1,53.7,46.2,52.5,47.6,52.4,44.9,16.9,40.5,47.8,50.9,52.4,52.3,52.9,43.9,45.9,56.5,51.3,44.6,52.1,56.9,64,65.5,63.4,66.8,59.5,66.7,73.2,74.7,70.9,68.5,53.8,48.2,
Kyrgyz Republic,,,,,,,,,,,,,,,,,,,,,,,,,,,,,,,29.2,35.3,35.6,33.5,33.8,29.5,30.7,38.3,36.5,42.2,41.8,36.7,39.6,38.7,42.6,38.3,41.7,52.9,53.5,54.7,51.6,54.5,44.4,42.3,37.4,35.2,35.8,35.4
Lao,,,,,,,,,,,,,,,,,,,,,,,,,2.76,4.04,3.61,6.09,13.6,12.1,11.3,13,17,21.5,25,23.2,22.7,23.9,36.5,35.9,30.7,27.9,28.8,23.5,24.9,29,38.2,33.6,33.2,30.1,35.4,40.3,37.9,38.2,40.8,34,33.2,34.3
Latvia,,,,,,,,,,,,,,,,,,,,,,,,,,,,,,,,,,,,34.6,40.5,39.7,39.2,35,36.9,38.1,36.6,36.1,39.1,43.2,40,38.5,39.5,42.6,53.7,57.8,61.3,60.3,60.7,60.4,60,60.5
Lebanon,,,,,,,,,,,,,,,,,,,,,,,,,,,,,,18.4,18,13.2,11.4,9.67,7.87,10.8,12.8,14.5,13.8,14.1,14.2,15.6,16.1,16.7,36.2,37.8,36.7,38.2,39,33.7,35.8,36.9,34.1,31.8,27.6,26.9,25.5,23.6
Lesotho,11.7,12.5,14.4,14.9,15.4,15.6,10.9,12,12.1,13.6,12.2,12.8,16.1,14.3,13.7,14.5,17.9,11.9,17.3,22.1,21,19.3,,,,,,,,,,,,,,,,,,,,,,,,,,49.2,50,41.8,39.4,44.1,38.7,35.8,35.6,40.4,42.2,
Liberia,45.8,34.6,36.6,38.7,61.9,62.9,68,78.7,84.3,89.2,74.3,73.7,74.7,85.3,83.6,69.9,78.3,68.2,69.7,68,71.8,69.5,62.4,59.1,55.5,54.9,55.2,,,,,,,,,,,8.79,10.8,14.6,31.4,34,42.4,36.1,67.6,59.1,82.4,75,34.4,15.3,19.1,21.8,32.9,34.6,28.4,19.5,21.4,
Libya,,,,,,,,,,,,,,,,,,,,,,,,,,,,,,,39.7,33.8,30.6,28.2,27,29.2,28.7,26.8,19.4,20.2,31.6,26.5,44.8,57.3,63.8,63.7,73.6,72.7,72.5,59.2,65.6,54.8,74.6,70.4,47,38,,
Lithuania,,,,,,,,,,,,,,,,,,,,,,,,,,,,,,,,,,,,37.1,41.9,45,39.1,32.4,38.5,44,47.3,46.2,47.3,53.8,55.6,50.4,57.1,51.9,65.3,75,81.6,84.1,81.1,75.8,74.5,81.3
Luxembourg,88.7,89,81.8,79.5,80.6,83,79.5,80.8,82.8,86.7,88.1,87.3,82.1,88.5,102,91.6,87.3,86.1,83,90.1,87.7,85.9,88.2,89.4,100,107,98.3,95.6,97.1,99.9,97.8,97.7,96.7,97,100,102,107,116,126,131,148,147,142,139,153,162,176,183,187,164,175,178,186,191,208,223,221,230
"Macedonia, FYR",,,,,,,,,,,,,,,,,,,,,,,,,,,,,,,25.8,22.9,54.3,46.8,38.2,33,28.2,37.3,41.2,42.2,32.9,29.2,26.3,27.7,30.7,34.8,37.8,44.1,43.2,32.8,39.8,47.1,45.4,43.4,47.7,48.8,50,55.1
Madagascar,10,14.6,13.8,12.8,13.3,13.2,17.3,17.5,17.8,18.1,19.2,14.4,14.3,14.2,15.5,15.9,15.2,16.4,17.2,14.6,13.3,11.5,11.2,10.6,13.3,12.2,12.1,16.6,16.3,18.4,16.6,18.1,16.4,15.3,22,24.1,20.5,21.9,21.5,24.5,30.7,29.1,16,23.1,32.6,28.2,29.7,30.3,26.5,22.4,25,26.7,28.6,30.1,32.8,32.1,33.5,35.4
Malawi,22.1,20.6,21.4,21.9,19.5,19.5,21.5,24.1,23.8,23.5,24.2,23.5,23.3,27.6,28,29.1,30.4,30,23.2,23.2,24.8,25.7,22.5,20.8,28.4,24.2,22.9,25.5,23.3,18.8,23.8,23.3,23.2,16.1,29.6,30.4,22.8,21.4,32.8,28,25.6,28,15.9,20.2,18.8,18.1,17.6,23.3,22.7,20,22.8,20.8,26.2,35.7,33.7,29.2,33,29.2
Malaysia,64.5,58.7,56.1,45.9,44.3,45.1,43.4,41.2,43.4,47.4,45.8,40.7,36.2,41.7,48.5,45.8,52.1,50.4,49.2,56.2,57.7,52.5,51,51,54.4,55.1,56.5,62.9,66.4,71.4,74.5,77.8,76,78.9,89.2,94.1,91.6,93.3,116,121,120,110,108,107,115,113,112,106,99.5,91.4,86.9,85.3,79.3,75.6,73.8,70.6,67.7,71.5
Maldives,,,,,,,,,,,,,,,,,,,,,154,166,160,133,77.2,71.6,68.1,78.7,75.9,79.2,85.5,76.9,78,67.1,77.7,,,,,,,,,,,,49.3,96.5,86.7,73,77.6,88,85.8,88.4,89.3,78.5,74.5,72.8
Mali,,,,,,,,11.4,10.2,11.2,12.5,13.4,10,10.2,12.7,9.66,11,12.8,11.6,12,14.8,13.3,14.3,15.9,19.1,17,14.5,15.6,14.6,15.8,15.7,16.2,15.6,15.9,19.4,19.6,18.9,23.8,21.3,20.3,22.5,26.3,28.1,25.8,23.7,23,28.4,24.2,25.3,21.7,22.8,22.7,26.9,24.9,22.5,24,22.9,22.1
Malta,,,,,,,,,,,44.2,45.5,46.5,57.9,74.6,73.7,75.4,76.9,73.6,79.4,80.9,72.5,61.6,59.8,62.4,64.5,64.3,69.6,70.4,72.1,75.8,77.4,81.8,84.8,86,122,114,111,110,112,119,108,112,108,103,104,123,130,148,148,153,160,165,157,149,139,136,
Marshall Islands,,,,,,,,,,,,,,,,,,,,,,,,,,,,,,,,,,,,,,,,,,,,,24.1,30.5,24,24.3,28.7,26.2,33.3,43,45.1,42.2,39.7,37.2,27.5,
Mauritania,15.3,14.3,14.5,25.2,43.5,42.2,43,41.6,38,38.8,40.8,40.2,48.2,46.8,48.3,38.4,37.9,32.8,33.4,33.2,36.8,45.1,40.1,45.7,45.6,59.9,56.2,49.1,50.3,49.8,45.6,34.7,28.2,32,43.8,52.3,49.4,42.1,30.9,27.2,30,29.4,28.3,21.4,25.6,30.7,46.7,44.9,45.9,40.9,50.7,56.1,53,49.8,39.1,37.1,37.2,43.2
Mauritius,,,,,,,,,,,,,,,,,50.6,48.6,43,42.5,51,44.5,47,46.4,48.5,53.3,60.2,64.3,64.5,63.9,65,62.3,59.3,58.2,56.7,58.7,63.6,61.5,65.7,63.9,61.4,68.5,61.8,56.7,54,59.9,58.4,55.9,51.1,47.7,51.2,52.4,53.8,48.4,51.1,48.8,44.6,42.1
Mexico,8.51,8.41,8.57,8.32,7.63,7.63,7.47,6.87,7.04,7.55,7.75,7.64,8.06,8.41,8.41,6.89,8.49,10.3,10.5,11.2,10.7,10.4,15.3,19,17.4,15.4,17.3,19.5,19.9,19,18.6,16.4,15.2,12.3,13.4,24.1,26,24.3,24.6,24.6,25.4,22.7,22.6,24.4,28.4,30.4,27.3,27.5,27.7,27.2,29.7,31,32.3,31.3,31.9,34.6,37.1,37.9
"Micronesia, Fed. Sts.",,,,,,,,,,,,,,,,,,,,,,,,3.38,,,,,,,,,,,,,,,,,,,,,15.5,16.7,18.1,22.5,23.3,21.9,23.5,24.3,29.5,29.6,26.1,26.3,26.6,
Moldova,,,,,,,,,,,,,,,,,,,,,,,,,,,,,,,,,,,,49.3,55.3,54.8,48.5,52.1,49.8,49.9,52.7,53.5,50.7,51.1,45.3,47.5,40.8,36.9,39.2,45,43.5,43.3,41.5,42.8,43.3,42.5
Mongolia,,,,,,,,,,,,,,,,,,,,,,23.9,26.3,26.6,29.2,26.7,30.2,30.8,28.4,22.5,18.3,54.1,28.9,59.3,44.6,40.5,35.5,52.7,47.8,50.2,54,50.3,50.7,52.4,60.8,58.8,59.4,59.6,54,50.3,46.7,52.6,43.6,38.9,52.2,45.6,50.2,59.5
Montenegro,,,,,,,,,,,,,,,,,,,,,,,,,,,,,,,,,,,,,,,,,36.8,38.4,35.4,30.6,42,43.5,40.6,43,39.5,34.3,37,42.3,43.7,41.3,40.1,42.1,40.5,41
Morocco,23.6,21.8,18,17.9,19.5,18.2,19,17.9,18.5,18.4,17.6,17,18.6,20.8,27.6,22.5,17.9,16.9,16.4,17,19.3,22.7,21.6,22.8,25.6,25.5,21.9,22.5,25,22.6,24.6,22.3,22.2,22.1,20.9,22.7,21.8,23.9,23.4,25.2,26.8,28.2,28.9,27.5,28.1,30.9,32.8,34.6,35.7,28,32.2,34.7,34.9,32.8,34.3,34.3,35.1,36.8
Mozambique,,,,,,,,,,,,,,,,,,,,,10.9,9.95,8.31,6.12,4.15,2.86,2.52,6.64,8.07,8.22,8.17,9.17,10.6,9.39,12,13.2,13.2,12,10.9,10.2,12.8,21.1,24.4,25.6,28.9,30.2,30.2,30.8,29.3,30,31.5,33.4,32.4,30.4,33.4,32.2,36.7,38.3
Myanmar,,,,,,,,,,,,,,,,,,,,,,,,,,,,,,,,,,,,,,,,,0.539,0.471,0.286,0.208,0.187,0.178,0.157,0.138,0.117,0.103,0.109,0.0995,11.5,19.6,20.1,20.8,17.1,
Namibia,,,,,,,,,,,,,,,,,,,,,70,56.2,52.1,44.8,45.2,51.4,56.3,46.3,46,49.6,43.3,43.8,42.8,47.1,44.5,45.1,45.9,43.2,41.9,42,40.9,41.2,46,43.4,39.8,40.4,45.5,50.5,54.4,52.3,47.8,45.5,43.4,41.2,38.7,38.4,41.1,36.7
Nauru,,,,,,,,,,,,,,,,,,,,,,,,,,,,,,,,,,,,,,,,,,,,,,,,,,,,,70.6,75.5,57.3,45.4,48.8,
Nepal,,,,,,7.77,5.64,6.87,6.85,7.01,4.9,5.4,5.66,6.61,5.45,8.9,10.8,11.8,10.6,11.8,11.5,12.9,11.6,10.2,10.7,11.5,11.7,11.8,11.4,11.1,10.5,11.5,16,18.4,19,25,22.8,26.3,22.8,22.8,23.3,22.6,17.7,15.7,16.7,14.6,13.4,12.9,12.8,12.4,9.58,8.9,10.1,10.7,11.5,11.6,9.49,9.76
Netherlands,48.9,46.6,45.9,46,44.6,42.8,41.7,40.5,40.9,42.5,43.4,43.7,43.7,45.7,50.7,47.8,48.9,46.3,44.2,48.2,50.8,55.3,55.3,55,58.8,60.3,51.1,49.8,52.1,55.4,54.8,55.5,53.7,53,55.1,57.6,57.6,60.7,59.7,60.2,66.5,63.8,60.8,59.7,63.5,66.6,69.3,70.3,71.6,63.2,72,77.4,81.9,82,82.6,83.4,82.4,86.5
New Zealand,,,,,,,,,,,21.7,22.1,23.8,23.6,20.4,22.9,26.7,26.1,26.5,28.8,28.9,28.2,27.5,28.2,31.5,29,26.6,26.1,26,26.2,26.7,29.2,31.2,30.6,30.9,29.4,28.3,28.3,29.6,31,35.7,35.4,32.8,29.8,29.5,28.3,29.6,29.2,32,28.7,30.3,30.4,28.9,28.8,27.9,27.6,25.8,
Nicaragua,23.7,23.4,26.4,28.8,28.9,29.3,27.1,26.5,26.7,24.4,26.7,26.3,35.3,28.2,29.1,28,33,32.1,34.4,42,24.2,22.3,16,19.4,16.4,14.8,12.8,11.8,18,32.5,24.9,21.8,17.3,20.4,13.1,16.1,16.8,19.4,19.3,18.5,20.1,19,18.8,20.7,23.1,24.4,31.3,33.1,34.5,34,40.5,45,47.5,45.2,45,40.6,39.1,41.2
Niger,7.1,8.12,9.28,9.31,9.27,9.48,12.5,8.43,7.98,9.36,10.8,12.4,14.2,15.5,12.3,19.2,22.3,19.6,22.5,28.5,24.6,24.2,21,20.8,22.9,20.7,20,20.8,18.3,16.6,14.8,14.1,16.8,15.6,16.5,17.7,18.5,16.8,17.8,15.9,17.8,16.9,15.9,15.2,17.4,16.6,16.4,17.4,17.7,20.3,22.2,20.9,21.9,22.6,21,18.2,16.2,16.6
Nigeria,9.24,9.19,8.27,8.78,9.2,10.9,10.4,11.1,9.93,11.4,8.41,10.8,11,15.9,25.2,18.3,18.2,24.9,19.6,24.8,29.4,22.2,17.8,14.5,15.7,17.4,13.3,26.9,22.9,44,35.3,41.7,37.5,33.8,24.3,35.8,32.2,41.8,29.7,33.9,51.7,45.4,36,39.8,30.2,31.7,43.1,33.7,39.9,30.8,25.3,31.3,31.4,18,18.4,10.7,9.22,
Norway,36.3,35,33.8,34.5,36,35.7,35.8,36.8,37.9,37.1,36.5,34.8,35,37.4,39.9,36.1,36,34.3,36,39.3,42.8,42.8,41,41.3,42.3,42,33.6,31.8,32.5,37.3,39.4,39.2,37.1,37.2,37.3,37.2,39.9,40.6,36.9,38.6,45.7,45,40.4,39.6,41.1,43.4,44.7,43.3,45.9,39.2,39.7,41.2,40.6,39.1,38.8,37.7,34.1,35.5
Oman,,,,,,,,33.8,70.1,74.6,73.7,65.8,59.4,67.8,73.7,67.6,62.3,58.3,58.3,61.1,62.7,64.7,58.5,53.7,50.3,49.8,39.2,48.9,40,,47.2,43.1,44.7,43.1,43,44,49.8,50,42,48.7,53.7,51.7,49.1,49.8,51.4,58.3,56.2,56.5,58.5,50.6,65.7,72.7,68,71.5,66.1,51.8,41.2,
Pakistan,,,,,,,,9.17,9.16,8.66,7.77,7.14,11.8,13.5,13.7,10.9,10.7,9.28,9.24,10.7,12.5,12.3,9.95,11.9,11.1,10.4,11.9,13.2,13.6,13.9,15.5,17,17.4,16.3,16.3,16.7,16.9,16.1,16.5,15.4,13.4,14.7,15.2,16.7,15.7,15.7,14.1,13.2,12.4,12.4,13.5,14,12.4,13.3,12.2,10.6,9.15,8.24
Palau,,,,,,,,,,,,,,,,,,,,,,,,,,,,,,,,,,,,,,,,,44.7,45.7,46,40.9,41.2,43.5,44.5,45.5,48.7,45.7,49.7,56.4,59.6,58.8,62.6,57.6,54,50.2
Palestine,,,,,,,,,,,,,,,,,,,,,,,,,,,,,,,,,,,14.5,17.1,16,17.3,18.1,17.6,20.5,15.4,13.4,13,13.8,15,15,19.4,17.5,15.6,15.3,17.2,16.6,16.6,17.1,18.4,17.7,18.6
Panama,45.8,47.2,53.2,52.7,52.5,54.4,55.8,56.4,57.3,57.4,55.8,54.3,53.5,53.6,67.6,69,62.8,65.3,59,58.9,65,62.3,56.8,47.1,44.5,45.4,47.1,47.4,49.8,52.3,57.5,64.4,66.4,64.1,66,66.8,71.3,77,67.7,56.9,62,62.1,57.6,54.3,57.8,64.5,66.2,71.5,78.1,69.8,70,78.2,75.2,65.2,55.4,47.5,41.4,
Papua New Guinea,,16.1,16.2,17.4,18.3,18,16.8,17.4,18.9,18.9,18.5,21.4,31.2,44.9,46.9,40,41.8,45,41.9,45.5,43.2,38.2,36.8,36.2,39.4,42.1,43.6,43.2,43.3,40.6,40.6,42.3,47.8,52.6,53.5,61,59.4,49.2,54,63.1,66.2,65.3,60.9,69.4,72.2,,,,,,,,,,,,,
Paraguay,,,,,,,,,,,,,,,,,,,,,,,,,,,,,,,,50.8,49.8,59.9,60.8,61.8,52.7,48.5,56.3,45.3,46.8,45.1,53.8,55,54.4,58.2,58.7,56.7,54,51.5,55.1,52.5,49.9,49.6,45.2,42.3,41.7,41.8
Peru,20.2,20.8,20,18.4,18.5,15.7,15.6,15.4,18.1,17.5,17.4,13.8,13.7,13.3,14.1,10.6,11.7,15.5,20.2,27,25.5,18.6,18.8,21.7,21.8,26.1,16.4,12.7,15.1,11.3,15.7,12.1,12.5,12.3,12.8,12.6,13.3,14.5,13.7,15.4,16.8,16.6,17.3,19,22.9,26.8,30.5,31.5,29.7,26.4,27.8,30.5,27.4,24.8,22.6,21.3,22.4,24.3
Philippines,11.9,12.6,16.9,18.6,18.2,19.4,20.4,20,16.9,14.7,21.6,20.5,19.7,24.8,25,21,19.3,21.1,20.7,21.6,23.6,23.8,20.3,21.3,24,24,26.3,26.6,28.4,28.1,27.5,29.6,29.1,31.4,33.8,36.4,40.5,49,44.8,45.5,51.4,46,46.7,47.2,48.6,46.1,46.6,43.3,36.9,32.2,34.8,32,30.8,28,28.9,28.4,28,30.6
Poland,,,,,,,,,,,,,,,,,,,,,,,,,,,,,,,25.9,21.3,21.4,20.8,21.4,23,22.1,23.4,26,24.1,27.2,27.2,28.8,33.4,34.3,34.6,37.9,38.6,37.9,37.2,40.1,42.6,44.4,46.3,47.6,49.5,52.3,53.4
Portugal,14.3,13.5,15.3,15.9,21.4,22.4,22.7,22.8,21,20.5,19.1,19.6,21.3,20.9,21,16,13.7,14.4,15.8,21.2,21.5,20.3,20.7,24.5,29.2,29.2,26,27.3,27.6,29.5,29.2,26.5,24.5,23.6,25.1,26.8,26.5,27.1,27.3,26.5,28.2,27.4,26.9,26.8,27.3,26.7,29.9,31,31.1,27.1,29.9,34.3,37.7,39.5,40.1,40.4,40.1,43.1
Qatar,,,,,,,,,,,,,,,,,,,,,,,,,,,,,,,,,,,44.9,44.3,43.7,48.3,51.1,60,67.3,65.9,60.3,61.7,64.2,65.1,62.8,60.3,61.4,51.1,62.3,72.6,76.5,72.7,68,56.1,47.5,
Romania,,,,,,,,,,,,,,,,,,,,,,,,,,,,,,,16.7,17.6,27.8,23,24.9,25.5,26.3,28,22.9,27.7,32.7,33,35.2,34.5,35.6,32.9,32.1,28.4,26.3,26.5,32.6,37,37.5,39.7,41.2,41,41.3,41.4
Russia,,,,,,,,,,,,,,,,,,,,,,,,,,,,,,21.9,18.2,13.3,62.3,38.2,27.8,29.3,26.1,24.7,31.2,43.2,44.1,36.9,35.2,35.2,34.4,35.2,33.7,30.2,31.3,27.9,29.2,28,26.9,25.8,27.1,28.6,25.7,26
Rwanda,12.4,11.5,9.28,5.94,12,12.1,11.3,10.5,8.74,7.68,11.5,10.2,8.28,11.6,12.2,9.17,14.6,14.3,14.8,21,14.4,9.83,11.6,11.6,12.6,10.8,12.6,7.45,6.62,6.14,5.61,7.32,5.57,5.18,6.3,5.15,6.03,7.8,5.59,6.26,6.32,8.47,7.04,8.45,11.1,11.4,12.1,15.7,12.5,11.7,12,13.6,12.8,14.1,14.7,14.2,14.9,18.2
Samoa,,,,,,,,,,,,,,,,,,,,,,,,,,,,,,,,,,,20.9,30.8,31.5,29.1,32.4,31.9,30.1,30.8,29.3,27.9,28.2,28.4,28.9,29.7,28.9,30.3,29.2,28.3,27,29,27.8,27.5,29.3,
Saudi Arabia,,,,,,,,,47.7,48.2,50.8,54,61.6,99.7,62.9,73.3,59.7,57.4,49.3,54.9,63.5,62.8,50.7,38.5,34.5,30.1,26.7,30.9,31.3,33.7,40.3,38.3,39.1,34.4,34,37.3,40,39.2,29.6,34.7,43.4,39.6,40.9,45.9,51,57.1,59.8,59.9,62.1,47.1,49.6,56,54.3,51.9,46.9,33.3,31.1,33.5
Senegal,16.8,21.2,20.3,17.6,17.5,17.5,18.6,17.1,19.7,21.4,23.5,22.4,26.5,24.6,36.9,31.4,31.3,37.4,26.1,27.5,23.9,31.7,29.2,35.2,34,27.8,24.6,21.2,22.3,24.5,25.4,23.1,22.3,20.3,31.8,30.9,27,27.3,27.7,28.1,27.9,28.7,28.5,26.6,27.1,27,25.6,25.4,26.1,24.4,24.9,26.4,27.9,28.3,28.1,29.4,29,27
Serbia,,,,,,,,,,,,,,,,,,,,,,,,,,,,,,,,,,,,8.11,15,15.7,21.2,11.7,9.85,22.4,20.6,22,24.2,27.1,30.3,28.4,29.1,26.8,32.9,34,36.9,41.2,43.4,46.7,50,52.4
Seychelles,,,,,,,,,,,,,,,,,17.6,17.2,17.7,17.2,14.4,11.1,10.3,13.8,17,16.6,8.85,8.89,11.2,11.2,15.3,13,11.1,10.8,10.4,10.5,27.7,20.1,20.1,23.3,75.5,83.8,77.9,88.9,74,78.3,84.4,90.6,101,108,93.8,95.8,99.3,90.8,88,,,
Sierra Leone,,,,,29.1,28.9,27.8,27.1,23.7,27.6,31,31.3,27.8,24.6,24.1,25.1,21.5,19.7,19.8,19.9,22.9,23,15.8,11.1,10.6,14.8,11.9,32,28.7,23.9,34.7,31.2,31.6,24.3,29.5,18.6,17.4,13.2,14.1,13.8,18.1,7.84,8.55,13.9,16.5,17.6,16.9,15.6,13.5,13.5,16.8,16.3,32.9,28.6,30.8,19.4,24.9,
Singapore,163,142,138,141,122,123,123,114,126,132,126,120,107,118,150,137,149,163,165,185,202,198,185,167,157,152,149,164,185,180,177,169,162,162,166,181,176,170,168,177,189,184,186,205,216,226,230,215,231,192,200,203,197,194,191,177,168,173
Slovak Republic,,,,,,,,,,,,,,,,,,,,,,,,,,,,,,,25,43.7,66.5,55.1,58.2,56.7,52.3,55.1,46.7,47.5,54.1,57.8,57.5,62.2,68.7,72,81,83.3,80,67.6,76.3,85,91.4,93.8,91.9,93,94.6,96.3
Slovenia,,,,,,,,,,,,,,,,,,,,,,,,,,,,,,,,,,,,45.6,46.2,47.6,47.5,44.1,50,51.7,52.2,50.9,55,59.6,64.7,67.6,66.1,57.2,64.3,70.4,73.1,74.5,75.8,77,77.7,82.2
Solomon Islands,,,,,,,,,,,,,,,,,,,,,,36.9,36.2,38.5,38.1,33.2,36.7,33.4,32,29,30.1,33.5,33.9,38.6,36.8,36.2,34.4,38.7,36.2,35.7,24.1,16.5,20.1,26.4,30.9,34.1,36.1,41.6,44.3,39.3,49.3,58.1,59.7,52.9,50.8,45.1,,
Somalia,12.7,16,12.8,15.9,16,17.2,15,13.7,14.9,16,11.5,13.3,15.7,13.9,17.5,12.5,10,20.3,25.8,24.3,33.2,24.8,26,23.6,14.6,6.33,6.96,6.69,4.82,7.68,9.79,,,,,,,,,,,,,,,,,,,,,,,14.5,14.4,15.7,15.1,13.5
South Africa,29.6,29.3,29.4,28.6,27.4,25.7,25.3,24.6,25.2,23,21.2,21.3,24.6,24.6,27.2,26.8,26.9,29.3,31.4,34.2,34.3,27.5,25.6,24,24.7,30.4,29.6,29.3,28.2,25.9,23.5,21.1,20.7,21.8,21.5,22.1,24.1,24,25,24.7,27.2,29.4,31.8,26.9,25.5,26.4,29.3,31.2,35.6,27.9,28.6,30.5,29.7,31,31.5,30.2,30.7,29.8
South Korea,2.62,4.04,3.87,3.95,4.96,7.13,8.44,9.12,10.1,10.6,11.4,12.7,16.6,23.9,22.3,22.7,25.6,26,24.9,23.5,28.5,30,27.4,28,29.4,27.3,32.5,34.9,33,27.9,25.3,24.2,24.6,24.1,24.2,25.9,25.3,29,40.4,33.6,35,32.7,30.8,32.7,38.3,36.8,37.2,39.2,50,47.5,49.4,55.7,56.3,53.9,50.3,45.3,42.3,43.1
South Sudan,,,,,,,,,,,,,,,,,,,,,,,,,,,,,,,,,,,,,,,,,,,,,,,,,,,,71.1,9.31,28,34,21,54.9,
Spain,8.37,7.97,8.3,7.71,8.81,8.19,8.89,8.55,10.6,11.3,12.2,13.1,13.4,13.4,13.2,12.4,12.6,13.3,13.9,13.8,14.4,16.4,17.1,19.2,21.4,21,18.3,17.8,17.4,16.7,15.8,15.8,16.3,17.8,20.4,21.9,23.1,25.8,26.2,26.4,28.6,27.9,26.5,25.4,25.2,24.7,24.9,25.7,25.3,22.7,25.5,28.9,30.7,32.2,32.7,32.9,32.9,34.1
Sri Lanka,30,27.5,27.8,25.8,24.6,25.9,22.4,20.5,20.6,18.4,25.5,24.6,22.3,24.3,26.4,27.5,29,33.8,34.8,33.7,32.2,30.5,27.4,26.3,28.8,26,23.7,25.2,26.1,27.3,30.2,28.7,31.8,33.8,33.8,35.6,35,36.5,36.2,35.5,39,37.3,34.9,34.7,35.3,32.3,30.1,29.1,24.8,21.3,19.6,20.9,19.8,20.3,21.1,21,21.3,21.9
St. Kitts and Nevis,,,,,,,,,,,,,,,,,,42.7,44.2,40.9,47.4,43.2,35.4,34.3,40.2,40.7,46.2,49.1,45.3,42.8,39.5,46.2,49.2,46.2,43.6,39.5,40,39.3,39.8,37.5,35.7,33.2,31.8,35.5,38.6,41.7,37,34.6,31.9,24.4,30.1,34.7,37.9,41.2,64,60.5,57,
St. Vincent and the Grenadines,,,,,,,,,,,,,,,,,,32,45,39.8,40.2,42.1,44.3,47.2,52.9,56.6,57.7,51.9,62,53.6,54.2,44.5,49.6,41.7,38.8,43.1,45,42.7,42.1,45.3,45.3,40.9,38.6,35.9,35.4,36.4,34.7,32.6,30.2,28.5,26.9,27,27.5,25.2,25.6,36.9,37.3,34.5
Sudan,14.6,13.3,14.6,16.7,15.5,14.2,14.3,15.1,15.1,15.7,16.3,15.6,16,14.8,12.7,12.1,11.2,9.38,7.92,9.96,10.6,9.62,9.94,10.6,8.46,5.75,4.74,5.52,3.8,5.34,4.02,3.34,5.25,4.23,4.69,4.97,7.45,5.34,6.7,7.78,16,11.4,14,14.8,17.8,19.2,19.1,21.9,24.1,16,19.7,17.6,9.22,8.84,8.15,8.18,9.83,9.69
Suriname,54.8,50.3,48,49.4,46.9,49.7,59.1,59,57.7,62,60.3,63.6,60.9,60.1,74.9,63.2,61.1,55.1,55.3,58.6,68.8,58.7,51.8,43.9,43.4,36.7,32.6,31.1,29.3,37.7,42,35,28.7,20.4,22.9,22.9,23.3,25.2,31.1,27.2,19.7,23.6,18.8,19.7,26.1,30.4,65,54.1,56.9,44.1,52.5,64.4,57.7,50.4,45,38.5,49.8,68.9
Swaziland,48.3,42,47.9,59.2,53.9,65.9,73.2,73.6,75.6,64.9,69.9,67.8,67,70.4,81.5,72.9,75.7,65.4,62.9,62.9,74.6,75.2,66.4,62.1,55.5,56.7,68.8,81.8,76.9,84.1,59,59.3,57.3,57.3,63.7,60,59.4,61.4,67.2,65,68.8,74.7,77.2,84.4,68.6,60.4,59.1,57.3,54.4,52,46.5,45.8,44.9,46.7,50.2,49.6,49.5,
Sweden,23,22.3,21.9,21.9,22.3,21.9,21.4,21.1,21.6,22.8,22.6,22.8,22.7,25.7,30.2,26.4,25.9,25.7,26.5,28.5,28,28.7,31,34,34.7,33.6,31.4,31,30.7,30.5,28.7,26.9,26.7,31.3,34.5,38,36.8,40.1,41,41,44.1,43.8,42.1,41.2,43.4,45.9,48.2,48.3,49.8,44.5,46.2,46.7,46.3,43.8,45,45.6,44.3,45.3
Switzerland,27.8,27.2,26.9,26.6,26.6,27.5,28.1,27.9,29.5,31.3,,,,,,,,,,,47.2,49.2,45.1,43.8,48.1,48.6,44.7,41.8,43.1,45.6,42.1,40.5,41.4,41.4,40.7,40.7,41.7,47.2,46.7,47.4,52.1,50.9,48.9,48.1,51.5,53.8,56.5,61.3,62.7,57.2,64,65.5,67,71.9,64.3,62.1,65.8,65
Syria,21.4,17.6,20.9,19.4,16.7,17,17.7,15.8,17.4,17.1,17.9,17.7,18.5,22.5,24.6,21.9,20,18.6,15.2,19.6,18.6,16,14.2,13.5,12.7,12.6,11.5,16,17.1,24.8,28.3,24.4,26.3,27.9,33.1,31,31.8,32.4,30.5,32.3,35.4,35.4,38.1,33.5,40.1,40.4,39.5,38.6,,,,,,,,,,
Tajikistan,,,,,,,,,,,,,,,,,,,,,,,,,,,,,35.2,35.9,27.8,33.2,9.68,28.6,43,65.6,76.6,87.2,48.9,66.1,98.8,68,65.5,63.4,58.3,27,23.2,20.6,16.8,15.2,14.9,16.4,17.2,11.3,9.05,10.5,13.3,15.7
Tanzania,,,,,,,,,,,,,,,,,,,,,,,,,,,,,,,12.6,10.3,12.4,18,20.6,24.1,19.9,16.2,12.4,12.5,13.4,17,17.6,18.6,19.7,16.9,17.1,18.9,18.6,17.4,18.7,20.8,21.3,17.7,19.4,21.6,19.6,
Thailand,16.1,17.3,15.7,15.1,17.4,16.9,17.6,18.2,16.9,16.1,15,16,18.2,18.6,21.6,18.4,20.2,20,19.9,22.6,24.1,23.8,22.9,20.1,21.9,23.2,25.6,28.9,33,34.9,34.1,36,37,36.8,38.2,41.5,39,48.2,57.9,56.4,64.8,63.3,60.6,61.5,66,68.4,68.7,68.9,71.4,64.4,66.5,70.9,69.8,68.1,69.3,68.7,68.1,
Timor-Leste,,,,,,,,,,,,,,,,,,,,,,,,,,,,,,,,,,,,,,,,,7.69,7.44,7.07,6.22,3.28,1.99,1.64,2.01,1.84,2.25,2.2,1.72,1.86,1.66,1.83,1.63,2.28,
Togo,31.1,39.2,35,25.4,35.1,32,38.9,37.9,42,45.9,49.6,46.8,39.3,33.1,66,43.4,47.3,41.5,64,50,51.1,46.2,50.1,45.5,51.2,48.4,44,41.4,43.7,39.7,33.5,33.4,26.9,24.4,30.5,32.4,33.3,29,29.7,28.9,34.4,33.8,36.5,43.4,38.6,40,38.2,37.9,35.5,36.7,40.2,39.4,46.7,52.7,44.5,42.2,42.8,40.5
Tonga,,,,,,,,,,,,,,,,41.3,26.9,33.9,28.8,26.1,30.1,25.4,27.6,18.7,26.6,30.1,25.7,30.9,22.7,25.1,33.9,22.9,23.6,19.9,17.4,17.5,20.4,21.1,19.9,15.6,14.4,13,18.3,19.4,19.7,17.8,14.5,12.2,15.7,13.4,12.4,15.9,17,20.4,16.8,17,21.3,
Tunisia,,,,,,19,21,21.2,20.9,22.1,22,24.1,25.3,26.1,35.4,31,29.1,29.6,31,39,40.2,41.4,36.9,34.4,33,32.1,30.2,34.8,42,44.3,43.6,40.4,39.5,40.4,44.9,44.9,42.1,39.1,38.5,38,39.5,42.8,40.8,39.5,42.2,44.9,46,51.1,56.2,45.8,50.5,49.3,49.4,47.7,45.6,40.7,40.4,43.8
Turkey,2.06,5.12,5.6,4.18,4.47,4.56,4.09,4.11,3.68,3.6,4.43,5.32,6.02,7.03,5.73,4.42,4.86,3.82,4.15,3.22,5.16,8.24,11.9,12.5,15.6,15.9,13.3,15.6,18.7,16.2,13.4,13.8,14.4,13.7,21.4,19.9,21.5,24.6,20.6,18.6,19.4,26.6,24.5,22.2,22.8,21,21.7,21.2,22.8,22.6,20.4,22.3,23.7,22.3,23.8,23.3,22,24.8
Turkmenistan,,,,,,,,,,,,,,,,,,,,,,,,,,,,,,,,39,67.1,84.7,85,84,74.6,42.7,32.7,56.1,95.5,81.4,69,62.3,61.7,65,73.1,75.4,64.1,74.6,76.3,74.7,73.3,,,,,
Uganda,27.3,24.4,24.1,28.3,29.9,25.6,25.6,25.3,23.9,21.5,23.4,19.8,19.4,16.6,14.7,8.65,11.4,9.15,13.7,19.4,19.4,16.1,8.38,8.66,12.7,13.7,12.8,8.25,7.57,7.95,7.24,7.46,8.76,7.06,8.74,11.8,12,13.4,9.64,12.3,10.7,11.5,11.2,11.4,12.7,14.2,15.3,16.7,24.3,17.3,17.1,19,20.2,20.3,18.2,18.4,18.6,18.5
Ukraine,,,,,,,,,,,,,,,,,,,,,,,,,,,,,,32.1,27.6,26.1,24,25.9,35.4,47.1,45.7,40.6,41.9,53.7,62.4,55.5,55.1,57.8,61.2,51.5,46.6,44.8,46.9,46.4,47.1,49.8,35.4,43,48.6,52.6,49.3,47.9
United Arab Emirates,,,,,,,,,,,,,,,,,,,,,,,,,,,,,,,,,,,,,,,,,,49.2,49.5,55.9,63.6,67.6,68.6,72.4,78.9,79.7,77.7,89.8,100,101,99.1,101,101,100
United Kingdom,20.2,19.9,19.4,19.3,18.7,18.5,18.8,18.5,20.7,21.5,21.4,21.4,20.2,22,26.3,24.9,27.4,29.1,27.4,26.8,26.1,25.4,25.1,25.2,27,27.3,24.3,23.9,21.5,21.9,22.6,21.9,22.2,24.1,25.3,25.2,25.7,25.3,23.7,23.6,24.8,24.7,23.8,23.5,23.4,24.7,26.7,24.9,26.8,26.1,28.2,30.5,29.7,29.7,28.2,27.4,28.3,30.5
United States,4.97,4.9,4.81,4.87,5.1,4.99,5.02,5.05,5.08,5.09,5.55,5.39,5.52,6.67,8.18,8.21,7.96,7.64,7.93,8.74,9.81,9.51,8.47,7.61,7.48,6.98,6.99,7.47,8.46,8.91,9.23,9.64,9.68,9.52,9.86,10.6,10.7,11.1,10.5,10.3,10.7,9.67,9.13,9.04,9.63,10,10.7,11.5,12.5,11,12.4,13.6,13.6,13.6,13.6,12.5,11.9,
Uruguay,13.8,14.2,11.3,12,11.9,18.4,17.1,14.6,15.2,13.4,13.9,10.3,15.4,10.4,14.4,16.8,19.6,19.9,18.8,16.8,15,15.2,14.3,25.7,26.6,26.8,26.2,21.6,22.1,23.5,23.5,20.7,20.4,19.1,19.8,19,19.7,17.5,16.4,15.1,16.7,16.8,20.6,27.4,32.1,30.4,30.3,29.1,30.2,27.1,26.3,26.4,25.9,23.4,23.5,22.5,21.4,21.6
Uzbekistan,,,,,,,,,,,,,,,,,,,,,,,,,,,,,,,28.8,35.3,27,33.7,16.8,36.7,27.7,27,22.5,18.1,24.6,28.1,30.8,37.3,40.2,37.9,36.5,39.7,41.1,34.2,31.7,32.7,27.3,26.6,23.1,19.5,18.9,28.5
Vanuatu,,,,,,,,,,,,,,,,,,,,,33.2,38.4,42.8,54.2,57.7,48.7,34.8,35.8,35.5,37.4,47.1,42.7,45.6,46,45.3,44.6,46,52.1,42.3,37.4,39.2,38,42.3,43.3,45.6,45.4,41.3,40.8,45.2,49.1,46.6,44.3,49.1,47.8,48.6,,,
Venezuela,27.1,28.7,29.2,28.9,26.8,25.8,24.3,24.3,22.4,21.3,20.9,22.4,20.4,25.1,38.7,28.8,25.8,23.2,20.4,26,28.8,26.8,22.2,19.5,26.8,24.1,19.8,21.4,20.6,34.1,39.5,31.4,26.4,27,30.9,27.1,36.5,29.3,20.9,22.9,29.7,22.7,30.4,33.9,36.2,39.7,36.5,31.1,30.8,18.1,28.5,29.9,26.2,24.8,16.7,,,
Vietnam,,,,,,,,,,,,,,,,,,,,,,,,,,,6.62,6,3.95,23.8,36,30.9,34.7,28.7,34,32.8,40.9,43.1,44.8,50,53.9,55.1,54.7,56.7,59.7,63.7,67.7,70.5,70.3,62.6,72,79.4,80,83.6,86.4,89.8,93.6,102
Yemen,,,,,,,,,,,,,,,,,,,,,,,,,,,,,,,12.2,11,10.4,12.6,12.5,22.4,38.5,36.3,26.5,34.8,41.4,35.9,37,36.4,36.4,40.9,41.3,35.9,37.8,28.3,30,30.3,24.9,22.4,21.5,10.9,3.58,
Zambia,,,,,,,,,,,,,,,,,,,,,,,,,,,,,,,,,,,33,32.9,28.5,27.4,24.6,25,23.9,25.1,27.1,25.7,33.5,30.6,32.6,33.6,28.9,29.3,37,40.5,40.1,40.5,38.8,37.1,35.3,35.2
Zimbabwe,,,,,,,,,,,,,,,,22.8,22,21.4,22,21.8,23.4,19.4,16.9,16.4,20.6,22.2,24,24,23.7,23.3,22.9,23.9,27.2,30.7,34.6,38.2,36.1,37.6,43.4,37.4,38.2,35,31.8,32.4,34.5,33.5,36,37.8,41.5,21.8,35.2,40.6,30.2,27.2,25.7,23.5,24.7,24.1
